{"Index": "NYA", "Date": "1973-07-13", "Open": 582.820007, "High": 582.820007, "Low": 582.820007, "Close": 582.820007, "Adj Close": 582.820007, "Volume": 0.0, "CloseUSD": 582.820007}